{
  "accuracy": 0.7397934087555337,
  "num_samples": 4066,
  "num_classes": 17,
  "per_class_metrics": {
    "Blouses_Shirts": {
      "precision": 0.717948717948718,
      "recall": 0.7450980392156863,
      "f1-score": 0.7312714776632302,
      "support": 714.0
    },
    "Cardigans": {
      "precision": 0.5697674418604651,
      "recall": 0.392,
      "f1-score": 0.46445497630331756,
      "support": 125.0
    },
    "Denim": {
      "precision": 0.38095238095238093,
      "recall": 0.3333333333333333,
      "f1-score": 0.35555555555555557,
      "support": 24.0
    },
    "Dresses": {
      "precision": 0.9211908931698775,
      "recall": 0.8389154704944178,
      "f1-score": 0.8781302170283807,
      "support": 627.0
    },
    "Graphic_Tees": {
      "precision": 0.5632183908045977,
      "recall": 0.46226415094339623,
      "f1-score": 0.5077720207253886,
      "support": 106.0
    },
    "Jackets_Coats": {
      "precision": 0.6936416184971098,
      "recall": 0.7017543859649122,
      "f1-score": 0.6976744186046512,
      "support": 171.0
    },
    "Jackets_Vests": {
      "precision": 0.7272727272727273,
      "recall": 0.6666666666666666,
      "f1-score": 0.6956521739130435,
      "support": 36.0
    },
    "Leggings": {
      "precision": 0.0,
      "recall": 0.0,
      "f1-score": 0.0,
      "support": 10.0
    },
    "Pants": {
      "precision": 0.6567164179104478,
      "recall": 0.6376811594202898,
      "f1-score": 0.6470588235294118,
      "support": 69.0
    },
    "Rompers_Jumpsuits": {
      "precision": 0.8723404255319149,
      "recall": 0.7987012987012987,
      "f1-score": 0.8338983050847457,
      "support": 154.0
    },
    "Shirts_Polos": {
      "precision": 0.5063291139240507,
      "recall": 0.6779661016949152,
      "f1-score": 0.5797101449275363,
      "support": 59.0
    },
    "Shorts": {
      "precision": 0.7698412698412699,
      "recall": 0.6783216783216783,
      "f1-score": 0.7211895910780669,
      "support": 143.0
    },
    "Skirts": {
      "precision": 0.7887323943661971,
      "recall": 0.7088607594936709,
      "f1-score": 0.7466666666666667,
      "support": 79.0
    },
    "Suiting": {
      "precision": 0.0,
      "recall": 0.0,
      "f1-score": 0.0,
      "support": 2.0
    },
    "Sweaters": {
      "precision": 0.5463659147869674,
      "recall": 0.6770186335403726,
      "f1-score": 0.6047156726768377,
      "support": 322.0
    },
    "Sweatshirts_Hoodies": {
      "precision": 0.6283783783783784,
      "recall": 0.6690647482014388,
      "f1-score": 0.6480836236933798,
      "support": 139.0
    },
    "Tees_Tanks": {
      "precision": 0.7783661119515886,
      "recall": 0.8001555209953344,
      "f1-score": 0.7891104294478528,
      "support": 1286.0
    }
  }
}